<?xml version="1.0" encoding="UTF-8"?><idempiere Name="Approvigionamenti_Dist" Version="1.0" idempiereVersion="" DataBaseVersion="" Description="" Author="" AuthorEmail="" CreatedDate="2015-12-09 21:44:59.778" UpdatedDate="2015-12-09 21:44:59.778" PackOutVersion="100" UpdateDictionary="false" Client="0-SYSTEM-System" AD_Client_UU="11237b53-9592-4af1-b3c5-afd216514b5d">
    <AD_Window type="table">
        <AD_Client_ID>0</AD_Client_ID>
        <AD_Org_ID>0</AD_Org_ID>
        <Name>Approvigionamenti</Name>
        <Description>Approvigionamenti distaccati</Description>
        <Help/>
        <IsActive>Y</IsActive>
        <WindowType>M</WindowType>
        <Processing>N</Processing>
        <AD_Color_ID reference="id"/>
        <AD_Image_ID reference="id"/>
        <EntityType>U</EntityType>
        <IsSOTrx>Y</IsSOTrx>
        <IsDefault>N</IsDefault>
        <WinHeight>0</WinHeight>
        <WinWidth>0</WinWidth>
        <IsBetaFunctionality>N</IsBetaFunctionality>
        <AD_Window_UU>5fb211b8-d439-4671-9f8e-e76e75d8c9b4</AD_Window_UU>
        <TitleLogic/>
        <AD_Window_Trl type="translation">
            <Help/>
            <Name>Approvigionamenti</Name>
            <Description>Approvigionamenti distaccati</Description>
            <AD_Language>es_CO</AD_Language>
            <IsActive>Y</IsActive>
            <IsTranslated>N</IsTranslated>
        </AD_Window_Trl>
        <AD_Window_Trl type="translation">
            <Help/>
            <Name>Approvigionamenti</Name>
            <Description>Approvigionamenti distaccati</Description>
            <AD_Language>it_IT</AD_Language>
            <IsActive>Y</IsActive>
            <IsTranslated>N</IsTranslated>
        </AD_Window_Trl>
        <AD_Table type="table">
            <AD_Client_ID>0</AD_Client_ID>
            <AD_Org_ID>0</AD_Org_ID>
            <Name>Approvigionamenti distaccati</Name>
            <Description/>
            <Help/>
            <AD_Window_ID reference="id"/>
            <AD_Val_Rule_ID reference="id"/>
            <TableName>M_Replenish_Singleton</TableName>
            <LoadSeq>0</LoadSeq>
            <AccessLevel>7</AccessLevel>
            <IsActive>Y</IsActive>
            <IsSecurityEnabled>N</IsSecurityEnabled>
            <IsDeleteable>Y</IsDeleteable>
            <IsHighVolume>N</IsHighVolume>
            <IsView>N</IsView>
            <EntityType>U</EntityType>
            <ImportTable>N</ImportTable>
            <IsChangeLog>N</IsChangeLog>
            <ReplicationType>L</ReplicationType>
            <PO_Window_ID reference="id"/>
            <CopyColumnsFromTable>N</CopyColumnsFromTable>
            <IsCentrallyMaintained>Y</IsCentrallyMaintained>
            <AD_Table_UU>7a92fcc7-5da8-4983-9121-46c12bd921b0</AD_Table_UU>
            <Processing>N</Processing>
            <DatabaseViewDrop>N</DatabaseViewDrop>
            <AD_Column type="table">
                <IsSyncDatabase>Y</IsSyncDatabase>
                <AD_Table_ID reference="uuid" reference-key="AD_Table">7a92fcc7-5da8-4983-9121-46c12bd921b0</AD_Table_ID>
                <AD_Reference_Value_ID reference="id"/>
                <AD_Client_ID>0</AD_Client_ID>
                <AD_Org_ID>0</AD_Org_ID>
                <Version>0</Version>
                <Name>Client</Name>
                <Description>Client/Tenant for this installation.</Description>
                <Help>A Client is a company or a legal entity. You cannot share data between Clients. Tenant is a synonym for Client.</Help>
                <AD_Val_Rule_ID reference="id">129</AD_Val_Rule_ID>
                <ColumnName>AD_Client_ID</ColumnName>
                <DefaultValue>@AD_Client_ID@</DefaultValue>
                <FieldLength>22</FieldLength>
                <IsKey>N</IsKey>
                <IsParent>N</IsParent>
                <IsMandatory>Y</IsMandatory>
                <IsTranslated>N</IsTranslated>
                <IsIdentifier>N</IsIdentifier>
                <SeqNo/>
                <IsEncrypted>N</IsEncrypted>
                <AD_Reference_ID reference="id">19</AD_Reference_ID>
                <IsActive>Y</IsActive>
                <VFormat/>
                <Callout/>
                <AD_Element_ID reference="id">102</AD_Element_ID>
                <IsUpdateable>N</IsUpdateable>
                <AD_Process_ID reference="id"/>
                <ValueMin/>
                <ValueMax/>
                <IsSelectionColumn>N</IsSelectionColumn>
                <ReadOnlyLogic/>
                <EntityType>U</EntityType>
                <IsAlwaysUpdateable>N</IsAlwaysUpdateable>
                <ColumnSQL/>
                <MandatoryLogic/>
                <IsAutocomplete>N</IsAutocomplete>
                <IsAllowLogging>Y</IsAllowLogging>
                <FormatPattern/>
                <AD_Chart_ID reference="id"/>
                <AD_Column_UU>df3bdca3-f0fc-4deb-8e18-5f8c4d1c84a8</AD_Column_UU>
                <IsAllowCopy>N</IsAllowCopy>
                <SeqNoSelection/>
                <IsToolbarButton>N</IsToolbarButton>
                <IsSecure>N</IsSecure>
                <FKConstraintName/>
                <FKConstraintType>D</FKConstraintType>
            </AD_Column>
            <AD_Column type="table">
                <IsSyncDatabase>Y</IsSyncDatabase>
                <AD_Table_ID reference="uuid" reference-key="AD_Table">7a92fcc7-5da8-4983-9121-46c12bd921b0</AD_Table_ID>
                <AD_Reference_Value_ID reference="id"/>
                <AD_Client_ID>0</AD_Client_ID>
                <AD_Org_ID>0</AD_Org_ID>
                <Version>0</Version>
                <Name>Organization</Name>
                <Description>Organizational entity within client</Description>
                <Help>An organization is a unit of your client or legal entity - examples are store, department. You can share data between organizations.</Help>
                <AD_Val_Rule_ID reference="id">104</AD_Val_Rule_ID>
                <ColumnName>AD_Org_ID</ColumnName>
                <DefaultValue>@AD_Org_ID@</DefaultValue>
                <FieldLength>22</FieldLength>
                <IsKey>N</IsKey>
                <IsParent>N</IsParent>
                <IsMandatory>Y</IsMandatory>
                <IsTranslated>N</IsTranslated>
                <IsIdentifier>N</IsIdentifier>
                <SeqNo/>
                <IsEncrypted>N</IsEncrypted>
                <AD_Reference_ID reference="id">19</AD_Reference_ID>
                <IsActive>Y</IsActive>
                <VFormat/>
                <Callout/>
                <AD_Element_ID reference="id">113</AD_Element_ID>
                <IsUpdateable>N</IsUpdateable>
                <AD_Process_ID reference="id"/>
                <ValueMin/>
                <ValueMax/>
                <IsSelectionColumn>N</IsSelectionColumn>
                <ReadOnlyLogic/>
                <EntityType>U</EntityType>
                <IsAlwaysUpdateable>N</IsAlwaysUpdateable>
                <ColumnSQL/>
                <MandatoryLogic/>
                <IsAutocomplete>N</IsAutocomplete>
                <IsAllowLogging>Y</IsAllowLogging>
                <FormatPattern/>
                <AD_Chart_ID reference="id"/>
                <AD_Column_UU>961bc634-7b5c-41db-b0a5-b4f9a797fb8c</AD_Column_UU>
                <IsAllowCopy>N</IsAllowCopy>
                <SeqNoSelection/>
                <IsToolbarButton>N</IsToolbarButton>
                <IsSecure>N</IsSecure>
                <FKConstraintName/>
                <FKConstraintType>D</FKConstraintType>
            </AD_Column>
            <AD_Column type="table">
                <IsSyncDatabase>Y</IsSyncDatabase>
                <AD_Table_ID reference="uuid" reference-key="AD_Table">7a92fcc7-5da8-4983-9121-46c12bd921b0</AD_Table_ID>
                <AD_Reference_Value_ID reference="id"/>
                <AD_Client_ID>0</AD_Client_ID>
                <AD_Org_ID>0</AD_Org_ID>
                <Version>0</Version>
                <Name>Created</Name>
                <Description>Date this record was created</Description>
                <Help>The Created field indicates the date that this record was created.</Help>
                <AD_Val_Rule_ID reference="id"/>
                <ColumnName>Created</ColumnName>
                <DefaultValue>SYSDATE</DefaultValue>
                <FieldLength>7</FieldLength>
                <IsKey>N</IsKey>
                <IsParent>N</IsParent>
                <IsMandatory>Y</IsMandatory>
                <IsTranslated>N</IsTranslated>
                <IsIdentifier>N</IsIdentifier>
                <SeqNo/>
                <IsEncrypted>N</IsEncrypted>
                <AD_Reference_ID reference="id">16</AD_Reference_ID>
                <IsActive>Y</IsActive>
                <VFormat/>
                <Callout/>
                <AD_Element_ID reference="id">245</AD_Element_ID>
                <IsUpdateable>N</IsUpdateable>
                <AD_Process_ID reference="id"/>
                <ValueMin/>
                <ValueMax/>
                <IsSelectionColumn>N</IsSelectionColumn>
                <ReadOnlyLogic/>
                <EntityType>U</EntityType>
                <IsAlwaysUpdateable>N</IsAlwaysUpdateable>
                <ColumnSQL/>
                <MandatoryLogic/>
                <IsAutocomplete>N</IsAutocomplete>
                <IsAllowLogging>Y</IsAllowLogging>
                <FormatPattern/>
                <AD_Chart_ID reference="id"/>
                <AD_Column_UU>e5b93d69-ce89-4256-989e-3c2ea49a51cb</AD_Column_UU>
                <IsAllowCopy>N</IsAllowCopy>
                <SeqNoSelection/>
                <IsToolbarButton>N</IsToolbarButton>
                <IsSecure>N</IsSecure>
                <FKConstraintName/>
                <FKConstraintType>N</FKConstraintType>
            </AD_Column>
            <AD_Column type="table">
                <IsSyncDatabase>Y</IsSyncDatabase>
                <AD_Table_ID reference="uuid" reference-key="AD_Table">7a92fcc7-5da8-4983-9121-46c12bd921b0</AD_Table_ID>
                <AD_Reference_Value_ID reference="id">110</AD_Reference_Value_ID>
                <AD_Client_ID>0</AD_Client_ID>
                <AD_Org_ID>0</AD_Org_ID>
                <Version>0</Version>
                <Name>Created By</Name>
                <Description>User who created this records</Description>
                <Help>The Created By field indicates the user who created this record.</Help>
                <AD_Val_Rule_ID reference="id"/>
                <ColumnName>CreatedBy</ColumnName>
                <DefaultValue/>
                <FieldLength>22</FieldLength>
                <IsKey>N</IsKey>
                <IsParent>N</IsParent>
                <IsMandatory>Y</IsMandatory>
                <IsTranslated>N</IsTranslated>
                <IsIdentifier>N</IsIdentifier>
                <SeqNo/>
                <IsEncrypted>N</IsEncrypted>
                <AD_Reference_ID reference="id">18</AD_Reference_ID>
                <IsActive>Y</IsActive>
                <VFormat/>
                <Callout/>
                <AD_Element_ID reference="id">246</AD_Element_ID>
                <IsUpdateable>N</IsUpdateable>
                <AD_Process_ID reference="id"/>
                <ValueMin/>
                <ValueMax/>
                <IsSelectionColumn>N</IsSelectionColumn>
                <ReadOnlyLogic/>
                <EntityType>U</EntityType>
                <IsAlwaysUpdateable>N</IsAlwaysUpdateable>
                <ColumnSQL/>
                <MandatoryLogic/>
                <IsAutocomplete>N</IsAutocomplete>
                <IsAllowLogging>Y</IsAllowLogging>
                <FormatPattern/>
                <AD_Chart_ID reference="id"/>
                <AD_Column_UU>01d006a7-9f70-4017-82f6-de70bbf21788</AD_Column_UU>
                <IsAllowCopy>N</IsAllowCopy>
                <SeqNoSelection/>
                <IsToolbarButton>N</IsToolbarButton>
                <IsSecure>N</IsSecure>
                <FKConstraintName/>
                <FKConstraintType>D</FKConstraintType>
            </AD_Column>
            <AD_Column type="table">
                <IsSyncDatabase>Y</IsSyncDatabase>
                <AD_Table_ID reference="uuid" reference-key="AD_Table">7a92fcc7-5da8-4983-9121-46c12bd921b0</AD_Table_ID>
                <AD_Reference_Value_ID reference="id"/>
                <AD_Client_ID>0</AD_Client_ID>
                <AD_Org_ID>0</AD_Org_ID>
                <Version>0</Version>
                <Name>Active</Name>
                <Description>The record is active in the system</Description>
                <Help>There are two methods of making records unavailable in the system: One is to delete the record, the other is to de-activate the record. A de-activated record is not available for selection, but available for reports.
There are two reasons for de-activating and not deleting records:
(1) The system requires the record for audit purposes.
(2) The record is referenced by other records. E.g., you cannot delete a Business Partner, if there are invoices for this partner record existing. You de-activate the Business Partner and prevent that this record is used for future entries.</Help>
                <AD_Val_Rule_ID reference="id"/>
                <ColumnName>IsActive</ColumnName>
                <DefaultValue>Y</DefaultValue>
                <FieldLength>1</FieldLength>
                <IsKey>N</IsKey>
                <IsParent>N</IsParent>
                <IsMandatory>Y</IsMandatory>
                <IsTranslated>N</IsTranslated>
                <IsIdentifier>N</IsIdentifier>
                <SeqNo/>
                <IsEncrypted>N</IsEncrypted>
                <AD_Reference_ID reference="id">20</AD_Reference_ID>
                <IsActive>Y</IsActive>
                <VFormat/>
                <Callout/>
                <AD_Element_ID reference="id">348</AD_Element_ID>
                <IsUpdateable>Y</IsUpdateable>
                <AD_Process_ID reference="id"/>
                <ValueMin/>
                <ValueMax/>
                <IsSelectionColumn>N</IsSelectionColumn>
                <ReadOnlyLogic/>
                <EntityType>U</EntityType>
                <IsAlwaysUpdateable>N</IsAlwaysUpdateable>
                <ColumnSQL/>
                <MandatoryLogic/>
                <IsAutocomplete>N</IsAutocomplete>
                <IsAllowLogging>Y</IsAllowLogging>
                <FormatPattern/>
                <AD_Chart_ID reference="id"/>
                <AD_Column_UU>45c92af7-ab3c-4d1c-a994-2c652e2f746d</AD_Column_UU>
                <IsAllowCopy>N</IsAllowCopy>
                <SeqNoSelection/>
                <IsToolbarButton>N</IsToolbarButton>
                <IsSecure>N</IsSecure>
                <FKConstraintName/>
                <FKConstraintType>N</FKConstraintType>
            </AD_Column>
            <AD_Column type="table">
                <IsSyncDatabase>Y</IsSyncDatabase>
                <AD_Table_ID reference="uuid" reference-key="AD_Table">7a92fcc7-5da8-4983-9121-46c12bd921b0</AD_Table_ID>
                <AD_Reference_Value_ID reference="id"/>
                <AD_Client_ID>0</AD_Client_ID>
                <AD_Org_ID>0</AD_Org_ID>
                <Version>0</Version>
                <Name>Maximum Level</Name>
                <Description>Maximum Inventory level for this product</Description>
                <Help>Indicates the maximum quantity of this product to be stocked in inventory.</Help>
                <AD_Val_Rule_ID reference="id"/>
                <ColumnName>Level_Max</ColumnName>
                <DefaultValue/>
                <FieldLength>22</FieldLength>
                <IsKey>N</IsKey>
                <IsParent>N</IsParent>
                <IsMandatory>Y</IsMandatory>
                <IsTranslated>N</IsTranslated>
                <IsIdentifier>N</IsIdentifier>
                <SeqNo/>
                <IsEncrypted>N</IsEncrypted>
                <AD_Reference_ID reference="id">12</AD_Reference_ID>
                <IsActive>Y</IsActive>
                <VFormat/>
                <Callout/>
                <AD_Element_ID reference="id">434</AD_Element_ID>
                <IsUpdateable>Y</IsUpdateable>
                <AD_Process_ID reference="id"/>
                <ValueMin/>
                <ValueMax/>
                <IsSelectionColumn>N</IsSelectionColumn>
                <ReadOnlyLogic/>
                <EntityType>U</EntityType>
                <IsAlwaysUpdateable>N</IsAlwaysUpdateable>
                <ColumnSQL/>
                <MandatoryLogic/>
                <IsAutocomplete>N</IsAutocomplete>
                <IsAllowLogging>Y</IsAllowLogging>
                <FormatPattern/>
                <AD_Chart_ID reference="id"/>
                <AD_Column_UU>575e667c-4dc4-4a04-8eac-c8549b9c6162</AD_Column_UU>
                <IsAllowCopy>Y</IsAllowCopy>
                <SeqNoSelection/>
                <IsToolbarButton>N</IsToolbarButton>
                <IsSecure>N</IsSecure>
                <FKConstraintName/>
                <FKConstraintType>N</FKConstraintType>
            </AD_Column>
            <AD_Column type="table">
                <IsSyncDatabase>Y</IsSyncDatabase>
                <AD_Table_ID reference="uuid" reference-key="AD_Table">7a92fcc7-5da8-4983-9121-46c12bd921b0</AD_Table_ID>
                <AD_Reference_Value_ID reference="id"/>
                <AD_Client_ID>0</AD_Client_ID>
                <AD_Org_ID>0</AD_Org_ID>
                <Version>0</Version>
                <Name>Minimum Level</Name>
                <Description>Minimum Inventory level for this product</Description>
                <Help>Indicates the minimum quantity of this product to be stocked in inventory.
</Help>
                <AD_Val_Rule_ID reference="id"/>
                <ColumnName>Level_Min</ColumnName>
                <DefaultValue/>
                <FieldLength>22</FieldLength>
                <IsKey>N</IsKey>
                <IsParent>N</IsParent>
                <IsMandatory>Y</IsMandatory>
                <IsTranslated>N</IsTranslated>
                <IsIdentifier>N</IsIdentifier>
                <SeqNo/>
                <IsEncrypted>N</IsEncrypted>
                <AD_Reference_ID reference="id">12</AD_Reference_ID>
                <IsActive>Y</IsActive>
                <VFormat/>
                <Callout/>
                <AD_Element_ID reference="id">435</AD_Element_ID>
                <IsUpdateable>Y</IsUpdateable>
                <AD_Process_ID reference="id"/>
                <ValueMin/>
                <ValueMax/>
                <IsSelectionColumn>N</IsSelectionColumn>
                <ReadOnlyLogic/>
                <EntityType>U</EntityType>
                <IsAlwaysUpdateable>N</IsAlwaysUpdateable>
                <ColumnSQL/>
                <MandatoryLogic/>
                <IsAutocomplete>N</IsAutocomplete>
                <IsAllowLogging>Y</IsAllowLogging>
                <FormatPattern/>
                <AD_Chart_ID reference="id"/>
                <AD_Column_UU>b3950656-1e2c-4a08-bef3-6a5a8699d47d</AD_Column_UU>
                <IsAllowCopy>Y</IsAllowCopy>
                <SeqNoSelection/>
                <IsToolbarButton>N</IsToolbarButton>
                <IsSecure>N</IsSecure>
                <FKConstraintName/>
                <FKConstraintType>N</FKConstraintType>
            </AD_Column>
            <AD_Column type="table">
                <IsSyncDatabase>Y</IsSyncDatabase>
                <AD_Table_ID reference="uuid" reference-key="AD_Table">7a92fcc7-5da8-4983-9121-46c12bd921b0</AD_Table_ID>
                <AD_Reference_Value_ID reference="id"/>
                <AD_Client_ID>0</AD_Client_ID>
                <AD_Org_ID>0</AD_Org_ID>
                <Version>0</Version>
                <Name>Locator</Name>
                <Description>Warehouse Locator</Description>
                <Help>The Locator indicates where in a Warehouse a product is located.</Help>
                <AD_Val_Rule_ID reference="id">127</AD_Val_Rule_ID>
                <ColumnName>M_Locator_ID</ColumnName>
                <DefaultValue/>
                <FieldLength>1</FieldLength>
                <IsKey>N</IsKey>
                <IsParent>N</IsParent>
                <IsMandatory>N</IsMandatory>
                <IsTranslated>N</IsTranslated>
                <IsIdentifier>N</IsIdentifier>
                <SeqNo>0</SeqNo>
                <IsEncrypted>N</IsEncrypted>
                <AD_Reference_ID reference="id">19</AD_Reference_ID>
                <IsActive>Y</IsActive>
                <VFormat/>
                <Callout/>
                <AD_Element_ID reference="id">448</AD_Element_ID>
                <IsUpdateable>Y</IsUpdateable>
                <AD_Process_ID reference="id"/>
                <ValueMin/>
                <ValueMax/>
                <IsSelectionColumn>N</IsSelectionColumn>
                <ReadOnlyLogic/>
                <EntityType>U</EntityType>
                <IsAlwaysUpdateable>N</IsAlwaysUpdateable>
                <ColumnSQL/>
                <MandatoryLogic/>
                <IsAutocomplete>N</IsAutocomplete>
                <IsAllowLogging>Y</IsAllowLogging>
                <FormatPattern/>
                <AD_Chart_ID reference="id"/>
                <AD_Column_UU>c7b3ab80-4894-47e7-ba21-97a17f760a94</AD_Column_UU>
                <IsAllowCopy>Y</IsAllowCopy>
                <SeqNoSelection/>
                <IsToolbarButton>N</IsToolbarButton>
                <IsSecure>N</IsSecure>
                <FKConstraintName/>
                <FKConstraintType>N</FKConstraintType>
            </AD_Column>
            <AD_Column type="table">
                <IsSyncDatabase>Y</IsSyncDatabase>
                <AD_Table_ID reference="uuid" reference-key="AD_Table">7a92fcc7-5da8-4983-9121-46c12bd921b0</AD_Table_ID>
                <AD_Reference_Value_ID reference="id"/>
                <AD_Client_ID>0</AD_Client_ID>
                <AD_Org_ID>0</AD_Org_ID>
                <Version>0</Version>
                <Name>Product</Name>
                <Description>Product, Service, Item</Description>
                <Help>Identifies an item which is either purchased or sold in this organization.</Help>
                <AD_Val_Rule_ID reference="id">231</AD_Val_Rule_ID>
                <ColumnName>M_Product_ID</ColumnName>
                <DefaultValue/>
                <FieldLength>22</FieldLength>
                <IsKey>N</IsKey>
                <IsParent>Y</IsParent>
                <IsMandatory>Y</IsMandatory>
                <IsTranslated>N</IsTranslated>
                <IsIdentifier>N</IsIdentifier>
                <SeqNo/>
                <IsEncrypted>N</IsEncrypted>
                <AD_Reference_ID reference="id">19</AD_Reference_ID>
                <IsActive>Y</IsActive>
                <VFormat/>
                <Callout/>
                <AD_Element_ID reference="id">454</AD_Element_ID>
                <IsUpdateable>N</IsUpdateable>
                <AD_Process_ID reference="id"/>
                <ValueMin/>
                <ValueMax/>
                <IsSelectionColumn>N</IsSelectionColumn>
                <ReadOnlyLogic/>
                <EntityType>U</EntityType>
                <IsAlwaysUpdateable>N</IsAlwaysUpdateable>
                <ColumnSQL/>
                <MandatoryLogic/>
                <IsAutocomplete>N</IsAutocomplete>
                <IsAllowLogging>Y</IsAllowLogging>
                <FormatPattern/>
                <AD_Chart_ID reference="id"/>
                <AD_Column_UU>93238e61-b27c-4e5f-9d56-0c104b71c9d0</AD_Column_UU>
                <IsAllowCopy>Y</IsAllowCopy>
                <SeqNoSelection/>
                <IsToolbarButton>N</IsToolbarButton>
                <IsSecure>N</IsSecure>
                <FKConstraintName/>
                <FKConstraintType/>
            </AD_Column>
            <AD_Element type="table">
                <AD_Client_ID>0</AD_Client_ID>
                <AD_Org_ID>0</AD_Org_ID>
                <IsActive>Y</IsActive>
                <ColumnName>M_Replenish_Singleton_UU</ColumnName>
                <Name>M_Replenish_Singleton_UU</Name>
                <Description/>
                <Help/>
                <PrintName>M_Replenish_Singleton_UU</PrintName>
                <PO_Description/>
                <PO_Help/>
                <PO_Name/>
                <PO_PrintName/>
                <EntityType>U</EntityType>
                <AD_Element_UU>37584b87-b489-4ddc-a9aa-6a6d746363ed</AD_Element_UU>
                <AD_Element_Trl type="translation">
                    <Help/>
                    <PO_Description/>
                    <PO_Help/>
                    <Name>M_Replenish_Singleton_UU</Name>
                    <Description/>
                    <PrintName>M_Replenish_Singleton_UU</PrintName>
                    <PO_Name/>
                    <PO_PrintName/>
                    <AD_Language>es_CO</AD_Language>
                    <IsActive>Y</IsActive>
                    <IsTranslated>N</IsTranslated>
                </AD_Element_Trl>
                <AD_Element_Trl type="translation">
                    <Help/>
                    <PO_Description/>
                    <PO_Help/>
                    <Name>M_Replenish_Singleton_UU</Name>
                    <Description/>
                    <PrintName>M_Replenish_Singleton_UU</PrintName>
                    <PO_Name/>
                    <PO_PrintName/>
                    <AD_Language>it_IT</AD_Language>
                    <IsActive>Y</IsActive>
                    <IsTranslated>N</IsTranslated>
                </AD_Element_Trl>
            </AD_Element>
            <AD_Column type="table">
                <IsSyncDatabase>Y</IsSyncDatabase>
                <AD_Table_ID reference="uuid" reference-key="AD_Table">7a92fcc7-5da8-4983-9121-46c12bd921b0</AD_Table_ID>
                <AD_Reference_Value_ID reference="id"/>
                <AD_Client_ID>0</AD_Client_ID>
                <AD_Org_ID>0</AD_Org_ID>
                <Version>1.00</Version>
                <Name>M_Replenish_Singleton_UU</Name>
                <Description/>
                <Help/>
                <AD_Val_Rule_ID reference="id"/>
                <ColumnName>M_Replenish_Singleton_UU</ColumnName>
                <DefaultValue/>
                <FieldLength>36</FieldLength>
                <IsKey>N</IsKey>
                <IsParent>N</IsParent>
                <IsMandatory>N</IsMandatory>
                <IsTranslated>N</IsTranslated>
                <IsIdentifier>N</IsIdentifier>
                <SeqNo/>
                <IsEncrypted>N</IsEncrypted>
                <AD_Reference_ID reference="id">10</AD_Reference_ID>
                <IsActive>Y</IsActive>
                <VFormat/>
                <Callout/>
                <AD_Element_ID reference="uuid" reference-key="AD_Element">37584b87-b489-4ddc-a9aa-6a6d746363ed</AD_Element_ID>
                <IsUpdateable>Y</IsUpdateable>
                <AD_Process_ID reference="id"/>
                <ValueMin/>
                <ValueMax/>
                <IsSelectionColumn>N</IsSelectionColumn>
                <ReadOnlyLogic/>
                <EntityType>U</EntityType>
                <IsAlwaysUpdateable>N</IsAlwaysUpdateable>
                <ColumnSQL/>
                <MandatoryLogic/>
                <IsAutocomplete>N</IsAutocomplete>
                <IsAllowLogging>Y</IsAllowLogging>
                <FormatPattern/>
                <AD_Chart_ID reference="id"/>
                <AD_Column_UU>f67b8b25-215a-42b3-b2d2-453425eaa96b</AD_Column_UU>
                <IsAllowCopy>N</IsAllowCopy>
                <SeqNoSelection/>
                <IsToolbarButton>N</IsToolbarButton>
                <IsSecure>N</IsSecure>
                <FKConstraintName/>
                <FKConstraintType>N</FKConstraintType>
            </AD_Column>
            <AD_Column type="table">
                <IsSyncDatabase>Y</IsSyncDatabase>
                <AD_Table_ID reference="uuid" reference-key="AD_Table">7a92fcc7-5da8-4983-9121-46c12bd921b0</AD_Table_ID>
                <AD_Reference_Value_ID reference="id"/>
                <AD_Client_ID>0</AD_Client_ID>
                <AD_Org_ID>0</AD_Org_ID>
                <Version>0</Version>
                <Name>Warehouse</Name>
                <Description>Storage Warehouse and Service Point</Description>
                <Help>The Warehouse identifies a unique Warehouse where products are stored or Services are provided.</Help>
                <AD_Val_Rule_ID reference="id"/>
                <ColumnName>M_Warehouse_ID</ColumnName>
                <DefaultValue/>
                <FieldLength>22</FieldLength>
                <IsKey>N</IsKey>
                <IsParent>Y</IsParent>
                <IsMandatory>Y</IsMandatory>
                <IsTranslated>N</IsTranslated>
                <IsIdentifier>N</IsIdentifier>
                <SeqNo/>
                <IsEncrypted>N</IsEncrypted>
                <AD_Reference_ID reference="id">19</AD_Reference_ID>
                <IsActive>Y</IsActive>
                <VFormat/>
                <Callout/>
                <AD_Element_ID reference="id">459</AD_Element_ID>
                <IsUpdateable>N</IsUpdateable>
                <AD_Process_ID reference="id"/>
                <ValueMin/>
                <ValueMax/>
                <IsSelectionColumn>N</IsSelectionColumn>
                <ReadOnlyLogic/>
                <EntityType>U</EntityType>
                <IsAlwaysUpdateable>N</IsAlwaysUpdateable>
                <ColumnSQL/>
                <MandatoryLogic/>
                <IsAutocomplete>N</IsAutocomplete>
                <IsAllowLogging>Y</IsAllowLogging>
                <FormatPattern/>
                <AD_Chart_ID reference="id"/>
                <AD_Column_UU>25f800ca-78fb-421b-8af6-65f58da7fd8f</AD_Column_UU>
                <IsAllowCopy>Y</IsAllowCopy>
                <SeqNoSelection/>
                <IsToolbarButton>N</IsToolbarButton>
                <IsSecure>N</IsSecure>
                <FKConstraintName/>
                <FKConstraintType>C</FKConstraintType>
            </AD_Column>
            <AD_Column type="table">
                <IsSyncDatabase>Y</IsSyncDatabase>
                <AD_Table_ID reference="uuid" reference-key="AD_Table">7a92fcc7-5da8-4983-9121-46c12bd921b0</AD_Table_ID>
                <AD_Reference_Value_ID reference="id">197</AD_Reference_Value_ID>
                <AD_Client_ID>0</AD_Client_ID>
                <AD_Org_ID>0</AD_Org_ID>
                <Version>0</Version>
                <Name>Source Warehouse</Name>
                <Description>Optional Warehouse to replenish from</Description>
                <Help>If defined, the warehouse selected is used to replenish the product(s)</Help>
                <AD_Val_Rule_ID reference="id"/>
                <ColumnName>M_WarehouseSource_ID</ColumnName>
                <DefaultValue/>
                <FieldLength>10</FieldLength>
                <IsKey>N</IsKey>
                <IsParent>N</IsParent>
                <IsMandatory>N</IsMandatory>
                <IsTranslated>N</IsTranslated>
                <IsIdentifier>N</IsIdentifier>
                <SeqNo/>
                <IsEncrypted>N</IsEncrypted>
                <AD_Reference_ID reference="id">18</AD_Reference_ID>
                <IsActive>Y</IsActive>
                <VFormat/>
                <Callout/>
                <AD_Element_ID reference="id">2814</AD_Element_ID>
                <IsUpdateable>Y</IsUpdateable>
                <AD_Process_ID reference="id"/>
                <ValueMin/>
                <ValueMax/>
                <IsSelectionColumn>N</IsSelectionColumn>
                <ReadOnlyLogic/>
                <EntityType>U</EntityType>
                <IsAlwaysUpdateable>N</IsAlwaysUpdateable>
                <ColumnSQL/>
                <MandatoryLogic/>
                <IsAutocomplete>N</IsAutocomplete>
                <IsAllowLogging>Y</IsAllowLogging>
                <FormatPattern/>
                <AD_Chart_ID reference="id"/>
                <AD_Column_UU>b44ca581-6d42-43ed-898e-6366a72c7d48</AD_Column_UU>
                <IsAllowCopy>Y</IsAllowCopy>
                <SeqNoSelection/>
                <IsToolbarButton>N</IsToolbarButton>
                <IsSecure>N</IsSecure>
                <FKConstraintName/>
                <FKConstraintType>N</FKConstraintType>
            </AD_Column>
            <AD_Element type="table">
                <AD_Element_ID>53243</AD_Element_ID>
                <AD_Client_ID>0</AD_Client_ID>
                <AD_Org_ID>0</AD_Org_ID>
                <AD_Element_ID>53243</AD_Element_ID>
                <IsActive>Y</IsActive>
                <ColumnName>QtyBatchSize</ColumnName>
                <Name>Qty Batch Size</Name>
                <Description/>
                <Help/>
                <PrintName>Qty Batch Size</PrintName>
                <PO_Description/>
                <PO_Help/>
                <PO_Name/>
                <PO_PrintName/>
                <EntityType>EE01</EntityType>
                <AD_Element_UU>8e60f4aa-3d8f-4462-b373-57ca9bd8f9b3</AD_Element_UU>
                <AD_Element_Trl type="translation">
                    <Help/>
                    <PO_Description/>
                    <PO_Help/>
                    <Name>Tamaño Cantidad Lote</Name>
                    <Description/>
                    <PrintName>Tamaño Cantidad Lote</PrintName>
                    <PO_Name/>
                    <PO_PrintName/>
                    <AD_Language>es_CO</AD_Language>
                    <IsActive>Y</IsActive>
                    <IsTranslated>Y</IsTranslated>
                </AD_Element_Trl>
                <AD_Element_Trl type="translation">
                    <Help/>
                    <PO_Description/>
                    <PO_Help/>
                    <Name>Qtà per Partita</Name>
                    <Description/>
                    <PrintName>Qtà per Partita</PrintName>
                    <PO_Name/>
                    <PO_PrintName/>
                    <AD_Language>it_IT</AD_Language>
                    <IsActive>Y</IsActive>
                    <IsTranslated>Y</IsTranslated>
                </AD_Element_Trl>
            </AD_Element>
            <AD_Column type="table">
                <IsSyncDatabase>Y</IsSyncDatabase>
                <AD_Table_ID reference="uuid" reference-key="AD_Table">7a92fcc7-5da8-4983-9121-46c12bd921b0</AD_Table_ID>
                <AD_Reference_Value_ID reference="id"/>
                <AD_Client_ID>0</AD_Client_ID>
                <AD_Org_ID>0</AD_Org_ID>
                <Version>0</Version>
                <Name>Qty Batch Size</Name>
                <Description/>
                <Help/>
                <AD_Val_Rule_ID reference="id"/>
                <ColumnName>QtyBatchSize</ColumnName>
                <DefaultValue/>
                <FieldLength>10</FieldLength>
                <IsKey>N</IsKey>
                <IsParent>N</IsParent>
                <IsMandatory>N</IsMandatory>
                <IsTranslated>N</IsTranslated>
                <IsIdentifier>N</IsIdentifier>
                <SeqNo>0</SeqNo>
                <IsEncrypted>N</IsEncrypted>
                <AD_Reference_ID reference="id">29</AD_Reference_ID>
                <IsActive>Y</IsActive>
                <VFormat/>
                <Callout/>
                <AD_Element_ID reference="id">53243</AD_Element_ID>
                <IsUpdateable>Y</IsUpdateable>
                <AD_Process_ID reference="id"/>
                <ValueMin/>
                <ValueMax/>
                <IsSelectionColumn>N</IsSelectionColumn>
                <ReadOnlyLogic/>
                <EntityType>U</EntityType>
                <IsAlwaysUpdateable>N</IsAlwaysUpdateable>
                <ColumnSQL/>
                <MandatoryLogic/>
                <IsAutocomplete>N</IsAutocomplete>
                <IsAllowLogging>Y</IsAllowLogging>
                <FormatPattern/>
                <AD_Chart_ID reference="id"/>
                <AD_Column_UU>0669bbd0-1b99-41b7-bebe-8f174e64a4b7</AD_Column_UU>
                <IsAllowCopy>Y</IsAllowCopy>
                <SeqNoSelection/>
                <IsToolbarButton>N</IsToolbarButton>
                <IsSecure>N</IsSecure>
                <FKConstraintName/>
                <FKConstraintType>N</FKConstraintType>
            </AD_Column>
            <AD_Column type="table">
                <IsSyncDatabase>Y</IsSyncDatabase>
                <AD_Table_ID reference="uuid" reference-key="AD_Table">7a92fcc7-5da8-4983-9121-46c12bd921b0</AD_Table_ID>
                <AD_Reference_Value_ID reference="id">164</AD_Reference_Value_ID>
                <AD_Client_ID>0</AD_Client_ID>
                <AD_Org_ID>0</AD_Org_ID>
                <Version>0</Version>
                <Name>Replenish Type</Name>
                <Description>Method for re-ordering a product</Description>
                <Help>The Replenish Type indicates if this product will be manually re-ordered, ordered when the quantity is below the minimum quantity or ordered when it is below the maximum quantity. If you select a custom replenishment type, you need to create a class implementing org.compiere.util.ReplenishInterface and set that on warehouse level.</Help>
                <AD_Val_Rule_ID reference="id"/>
                <ColumnName>ReplenishType</ColumnName>
                <DefaultValue/>
                <FieldLength>1</FieldLength>
                <IsKey>N</IsKey>
                <IsParent>N</IsParent>
                <IsMandatory>Y</IsMandatory>
                <IsTranslated>N</IsTranslated>
                <IsIdentifier>N</IsIdentifier>
                <SeqNo/>
                <IsEncrypted>N</IsEncrypted>
                <AD_Reference_ID reference="id">17</AD_Reference_ID>
                <IsActive>Y</IsActive>
                <VFormat/>
                <Callout/>
                <AD_Element_ID reference="id">545</AD_Element_ID>
                <IsUpdateable>Y</IsUpdateable>
                <AD_Process_ID reference="id"/>
                <ValueMin/>
                <ValueMax/>
                <IsSelectionColumn>N</IsSelectionColumn>
                <ReadOnlyLogic/>
                <EntityType>U</EntityType>
                <IsAlwaysUpdateable>N</IsAlwaysUpdateable>
                <ColumnSQL/>
                <MandatoryLogic/>
                <IsAutocomplete>N</IsAutocomplete>
                <IsAllowLogging>Y</IsAllowLogging>
                <FormatPattern/>
                <AD_Chart_ID reference="id"/>
                <AD_Column_UU>9c4d7bcb-38bc-4722-9465-2d0cfc57e67c</AD_Column_UU>
                <IsAllowCopy>Y</IsAllowCopy>
                <SeqNoSelection/>
                <IsToolbarButton>N</IsToolbarButton>
                <IsSecure>N</IsSecure>
                <FKConstraintName/>
                <FKConstraintType>N</FKConstraintType>
            </AD_Column>
            <AD_Column type="table">
                <IsSyncDatabase>Y</IsSyncDatabase>
                <AD_Table_ID reference="uuid" reference-key="AD_Table">7a92fcc7-5da8-4983-9121-46c12bd921b0</AD_Table_ID>
                <AD_Reference_Value_ID reference="id"/>
                <AD_Client_ID>0</AD_Client_ID>
                <AD_Org_ID>0</AD_Org_ID>
                <Version>0</Version>
                <Name>Updated</Name>
                <Description>Date this record was updated</Description>
                <Help>The Updated field indicates the date that this record was updated.</Help>
                <AD_Val_Rule_ID reference="id"/>
                <ColumnName>Updated</ColumnName>
                <DefaultValue>SYSDATE</DefaultValue>
                <FieldLength>7</FieldLength>
                <IsKey>N</IsKey>
                <IsParent>N</IsParent>
                <IsMandatory>Y</IsMandatory>
                <IsTranslated>N</IsTranslated>
                <IsIdentifier>N</IsIdentifier>
                <SeqNo/>
                <IsEncrypted>N</IsEncrypted>
                <AD_Reference_ID reference="id">16</AD_Reference_ID>
                <IsActive>Y</IsActive>
                <VFormat/>
                <Callout/>
                <AD_Element_ID reference="id">607</AD_Element_ID>
                <IsUpdateable>N</IsUpdateable>
                <AD_Process_ID reference="id"/>
                <ValueMin/>
                <ValueMax/>
                <IsSelectionColumn>N</IsSelectionColumn>
                <ReadOnlyLogic/>
                <EntityType>U</EntityType>
                <IsAlwaysUpdateable>N</IsAlwaysUpdateable>
                <ColumnSQL/>
                <MandatoryLogic/>
                <IsAutocomplete>N</IsAutocomplete>
                <IsAllowLogging>Y</IsAllowLogging>
                <FormatPattern/>
                <AD_Chart_ID reference="id"/>
                <AD_Column_UU>da716af2-a363-4b0a-afcd-deffc874eb24</AD_Column_UU>
                <IsAllowCopy>N</IsAllowCopy>
                <SeqNoSelection/>
                <IsToolbarButton>N</IsToolbarButton>
                <IsSecure>N</IsSecure>
                <FKConstraintName/>
                <FKConstraintType>N</FKConstraintType>
            </AD_Column>
            <AD_Column type="table">
                <IsSyncDatabase>Y</IsSyncDatabase>
                <AD_Table_ID reference="uuid" reference-key="AD_Table">7a92fcc7-5da8-4983-9121-46c12bd921b0</AD_Table_ID>
                <AD_Reference_Value_ID reference="id">110</AD_Reference_Value_ID>
                <AD_Client_ID>0</AD_Client_ID>
                <AD_Org_ID>0</AD_Org_ID>
                <Version>0</Version>
                <Name>Updated By</Name>
                <Description>User who updated this records</Description>
                <Help>The Updated By field indicates the user who updated this record.</Help>
                <AD_Val_Rule_ID reference="id"/>
                <ColumnName>UpdatedBy</ColumnName>
                <DefaultValue/>
                <FieldLength>22</FieldLength>
                <IsKey>N</IsKey>
                <IsParent>N</IsParent>
                <IsMandatory>Y</IsMandatory>
                <IsTranslated>N</IsTranslated>
                <IsIdentifier>N</IsIdentifier>
                <SeqNo/>
                <IsEncrypted>N</IsEncrypted>
                <AD_Reference_ID reference="id">18</AD_Reference_ID>
                <IsActive>Y</IsActive>
                <VFormat/>
                <Callout/>
                <AD_Element_ID reference="id">608</AD_Element_ID>
                <IsUpdateable>N</IsUpdateable>
                <AD_Process_ID reference="id"/>
                <ValueMin/>
                <ValueMax/>
                <IsSelectionColumn>N</IsSelectionColumn>
                <ReadOnlyLogic/>
                <EntityType>U</EntityType>
                <IsAlwaysUpdateable>N</IsAlwaysUpdateable>
                <ColumnSQL/>
                <MandatoryLogic/>
                <IsAutocomplete>N</IsAutocomplete>
                <IsAllowLogging>Y</IsAllowLogging>
                <FormatPattern/>
                <AD_Chart_ID reference="id"/>
                <AD_Column_UU>1b42e224-3c13-4217-855d-47acff287d50</AD_Column_UU>
                <IsAllowCopy>N</IsAllowCopy>
                <SeqNoSelection/>
                <IsToolbarButton>N</IsToolbarButton>
                <IsSecure>N</IsSecure>
                <FKConstraintName/>
                <FKConstraintType>D</FKConstraintType>
            </AD_Column>
        </AD_Table>
        <AD_Tab type="table">
            <AD_Client_ID>0</AD_Client_ID>
            <AD_Org_ID>0</AD_Org_ID>
            <Name>Record Approvigionamento</Name>
            <Description/>
            <Help/>
            <AD_Window_ID reference="uuid" reference-key="AD_Window">5fb211b8-d439-4671-9f8e-e76e75d8c9b4</AD_Window_ID>
            <SeqNo>10</SeqNo>
            <IsSingleRow>Y</IsSingleRow>
            <AD_Table_ID reference="uuid" reference-key="AD_Table">7a92fcc7-5da8-4983-9121-46c12bd921b0</AD_Table_ID>
            <IsActive>Y</IsActive>
            <HasTree>N</HasTree>
            <IsInfoTab>N</IsInfoTab>
            <IsTranslationTab>N</IsTranslationTab>
            <IsReadOnly>N</IsReadOnly>
            <AD_Column_ID reference="id"/>
            <WhereClause/>
            <OrderByClause/>
            <CommitWarning/>
            <AD_Process_ID reference="id"/>
            <Processing>N</Processing>
            <AD_Image_ID reference="id"/>
            <ImportFields>N</ImportFields>
            <TabLevel>0</TabLevel>
            <IsSortTab>N</IsSortTab>
            <AD_ColumnSortYesNo_ID reference="id"/>
            <AD_ColumnSortOrder_ID reference="id"/>
            <EntityType>U</EntityType>
            <Included_Tab_ID reference="id"/>
            <ReadOnlyLogic/>
            <DisplayLogic/>
            <IsInsertRecord>Y</IsInsertRecord>
            <IsAdvancedTab>N</IsAdvancedTab>
            <Parent_Column_ID reference="id"/>
            <AD_Tab_UU>00d21c82-272f-4e67-a09a-db75fde43c0f</AD_Tab_UU>
            <AD_CtxHelp_ID reference="id"/>
            <TreeDisplayedOn>B</TreeDisplayedOn>
            <AD_Tab_Trl type="translation">
                <Help/>
                <CommitWarning/>
                <Name>Record Approvigionamento</Name>
                <Description/>
                <AD_Language>es_CO</AD_Language>
                <IsActive>Y</IsActive>
                <IsTranslated>N</IsTranslated>
            </AD_Tab_Trl>
            <AD_Tab_Trl type="translation">
                <Help/>
                <CommitWarning/>
                <Name>Record Approvigionamento</Name>
                <Description/>
                <AD_Language>it_IT</AD_Language>
                <IsActive>Y</IsActive>
                <IsTranslated>N</IsTranslated>
            </AD_Tab_Trl>
            <AD_Field type="table">
                <AD_Client_ID>0</AD_Client_ID>
                <AD_Org_ID>0</AD_Org_ID>
                <Name>Client</Name>
                <Description>Client/Tenant for this installation.</Description>
                <Help>A Client is a company or a legal entity. You cannot share data between Clients. Tenant is a synonym for Client.</Help>
                <AD_Tab_ID reference="uuid" reference-key="AD_Tab">00d21c82-272f-4e67-a09a-db75fde43c0f</AD_Tab_ID>
                <AD_Column_ID reference="uuid" reference-key="AD_Column">df3bdca3-f0fc-4deb-8e18-5f8c4d1c84a8</AD_Column_ID>
                <IsDisplayed>Y</IsDisplayed>
                <DisplayLogic/>
                <DisplayLength>22</DisplayLength>
                <SeqNo>10</SeqNo>
                <SortNo/>
                <IsSameLine>N</IsSameLine>
                <IsHeading>N</IsHeading>
                <IsFieldOnly>N</IsFieldOnly>
                <IsEncrypted>N</IsEncrypted>
                <IsActive>Y</IsActive>
                <IsReadOnly>N</IsReadOnly>
                <IsCentrallyMaintained>Y</IsCentrallyMaintained>
                <AD_FieldGroup_ID reference="id"/>
                <EntityType>U</EntityType>
                <ObscureType/>
                <AD_Reference_ID reference="id"/>
                <IsMandatory/>
                <DefaultValue/>
                <AD_Reference_Value_ID reference="id"/>
                <AD_Val_Rule_ID reference="id"/>
                <Included_Tab_ID reference="id"/>
                <AD_Field_UU>dcdd4fe5-0581-4941-abd0-6be14cecf57d</AD_Field_UU>
                <IsAllowCopy/>
                <IsDisplayedGrid>Y</IsDisplayedGrid>
                <SeqNoGrid>10</SeqNoGrid>
                <XPosition>1</XPosition>
                <ColumnSpan>2</ColumnSpan>
                <NumLines>1</NumLines>
                <IsQuickEntry>N</IsQuickEntry>
                <IsUpdateable/>
                <IsAlwaysUpdateable/>
                <MandatoryLogic/>
                <ReadOnlyLogic/>
                <IsToolbarButton/>
                <IsDefaultFocus>N</IsDefaultFocus>
                <IsAdvancedField>N</IsAdvancedField>
                <AD_Field_Trl type="translation">
                    <Help>A Client is a company or a legal entity. You cannot share data between Clients. Tenant is a synonym for Client.</Help>
                    <Description>Client/Tenant for this installation.</Description>
                    <Name>Client</Name>
                    <AD_Language>es_CO</AD_Language>
                    <IsActive>Y</IsActive>
                    <IsTranslated>N</IsTranslated>
                </AD_Field_Trl>
                <AD_Field_Trl type="translation">
                    <Help>A Client is a company or a legal entity. You cannot share data between Clients. Tenant is a synonym for Client.</Help>
                    <Description>Client/Tenant for this installation.</Description>
                    <Name>Client</Name>
                    <AD_Language>it_IT</AD_Language>
                    <IsActive>Y</IsActive>
                    <IsTranslated>N</IsTranslated>
                </AD_Field_Trl>
            </AD_Field>
            <AD_Field type="table">
                <AD_Client_ID>0</AD_Client_ID>
                <AD_Org_ID>0</AD_Org_ID>
                <Name>Organization</Name>
                <Description>Organizational entity within client</Description>
                <Help>An organization is a unit of your client or legal entity - examples are store, department. You can share data between organizations.</Help>
                <AD_Tab_ID reference="uuid" reference-key="AD_Tab">00d21c82-272f-4e67-a09a-db75fde43c0f</AD_Tab_ID>
                <AD_Column_ID reference="uuid" reference-key="AD_Column">961bc634-7b5c-41db-b0a5-b4f9a797fb8c</AD_Column_ID>
                <IsDisplayed>Y</IsDisplayed>
                <DisplayLogic/>
                <DisplayLength>22</DisplayLength>
                <SeqNo>20</SeqNo>
                <SortNo/>
                <IsSameLine>N</IsSameLine>
                <IsHeading>N</IsHeading>
                <IsFieldOnly>N</IsFieldOnly>
                <IsEncrypted>N</IsEncrypted>
                <IsActive>Y</IsActive>
                <IsReadOnly>N</IsReadOnly>
                <IsCentrallyMaintained>Y</IsCentrallyMaintained>
                <AD_FieldGroup_ID reference="id"/>
                <EntityType>U</EntityType>
                <ObscureType/>
                <AD_Reference_ID reference="id"/>
                <IsMandatory/>
                <DefaultValue/>
                <AD_Reference_Value_ID reference="id"/>
                <AD_Val_Rule_ID reference="id"/>
                <Included_Tab_ID reference="id"/>
                <AD_Field_UU>07933402-1d74-46cb-917b-10f54bb7fd05</AD_Field_UU>
                <IsAllowCopy>Y</IsAllowCopy>
                <IsDisplayedGrid>Y</IsDisplayedGrid>
                <SeqNoGrid>20</SeqNoGrid>
                <XPosition>4</XPosition>
                <ColumnSpan>2</ColumnSpan>
                <NumLines>1</NumLines>
                <IsQuickEntry>N</IsQuickEntry>
                <IsUpdateable/>
                <IsAlwaysUpdateable/>
                <MandatoryLogic/>
                <ReadOnlyLogic/>
                <IsToolbarButton/>
                <IsDefaultFocus>N</IsDefaultFocus>
                <IsAdvancedField>N</IsAdvancedField>
                <AD_Field_Trl type="translation">
                    <Help>An organization is a unit of your client or legal entity - examples are store, department. You can share data between organizations.</Help>
                    <Description>Organizational entity within client</Description>
                    <Name>Organization</Name>
                    <AD_Language>es_CO</AD_Language>
                    <IsActive>Y</IsActive>
                    <IsTranslated>N</IsTranslated>
                </AD_Field_Trl>
                <AD_Field_Trl type="translation">
                    <Help>An organization is a unit of your client or legal entity - examples are store, department. You can share data between organizations.</Help>
                    <Description>Organizational entity within client</Description>
                    <Name>Organization</Name>
                    <AD_Language>it_IT</AD_Language>
                    <IsActive>Y</IsActive>
                    <IsTranslated>N</IsTranslated>
                </AD_Field_Trl>
            </AD_Field>
            <AD_Field type="table">
                <AD_Client_ID>0</AD_Client_ID>
                <AD_Org_ID>0</AD_Org_ID>
                <Name>Maximum Level</Name>
                <Description>Maximum Inventory level for this product</Description>
                <Help>Indicates the maximum quantity of this product to be stocked in inventory.</Help>
                <AD_Tab_ID reference="uuid" reference-key="AD_Tab">00d21c82-272f-4e67-a09a-db75fde43c0f</AD_Tab_ID>
                <AD_Column_ID reference="uuid" reference-key="AD_Column">575e667c-4dc4-4a04-8eac-c8549b9c6162</AD_Column_ID>
                <IsDisplayed>Y</IsDisplayed>
                <DisplayLogic/>
                <DisplayLength>22</DisplayLength>
                <SeqNo>30</SeqNo>
                <SortNo/>
                <IsSameLine>N</IsSameLine>
                <IsHeading>N</IsHeading>
                <IsFieldOnly>N</IsFieldOnly>
                <IsEncrypted>N</IsEncrypted>
                <IsActive>Y</IsActive>
                <IsReadOnly>N</IsReadOnly>
                <IsCentrallyMaintained>Y</IsCentrallyMaintained>
                <AD_FieldGroup_ID reference="id"/>
                <EntityType>U</EntityType>
                <ObscureType/>
                <AD_Reference_ID reference="id"/>
                <IsMandatory/>
                <DefaultValue/>
                <AD_Reference_Value_ID reference="id"/>
                <AD_Val_Rule_ID reference="id"/>
                <Included_Tab_ID reference="id"/>
                <AD_Field_UU>5c46d37a-acdb-4cf2-a498-23b9850394c7</AD_Field_UU>
                <IsAllowCopy/>
                <IsDisplayedGrid>Y</IsDisplayedGrid>
                <SeqNoGrid>30</SeqNoGrid>
                <XPosition>1</XPosition>
                <ColumnSpan>2</ColumnSpan>
                <NumLines>1</NumLines>
                <IsQuickEntry>N</IsQuickEntry>
                <IsUpdateable/>
                <IsAlwaysUpdateable/>
                <MandatoryLogic/>
                <ReadOnlyLogic/>
                <IsToolbarButton/>
                <IsDefaultFocus>N</IsDefaultFocus>
                <IsAdvancedField>N</IsAdvancedField>
                <AD_Field_Trl type="translation">
                    <Help>Indicates the maximum quantity of this product to be stocked in inventory.</Help>
                    <Description>Maximum Inventory level for this product</Description>
                    <Name>Maximum Level</Name>
                    <AD_Language>es_CO</AD_Language>
                    <IsActive>Y</IsActive>
                    <IsTranslated>N</IsTranslated>
                </AD_Field_Trl>
                <AD_Field_Trl type="translation">
                    <Help>Indicates the maximum quantity of this product to be stocked in inventory.</Help>
                    <Description>Maximum Inventory level for this product</Description>
                    <Name>Maximum Level</Name>
                    <AD_Language>it_IT</AD_Language>
                    <IsActive>Y</IsActive>
                    <IsTranslated>N</IsTranslated>
                </AD_Field_Trl>
            </AD_Field>
            <AD_Field type="table">
                <AD_Client_ID>0</AD_Client_ID>
                <AD_Org_ID>0</AD_Org_ID>
                <Name>Minimum Level</Name>
                <Description>Minimum Inventory level for this product</Description>
                <Help>Indicates the minimum quantity of this product to be stocked in inventory.
</Help>
                <AD_Tab_ID reference="uuid" reference-key="AD_Tab">00d21c82-272f-4e67-a09a-db75fde43c0f</AD_Tab_ID>
                <AD_Column_ID reference="uuid" reference-key="AD_Column">b3950656-1e2c-4a08-bef3-6a5a8699d47d</AD_Column_ID>
                <IsDisplayed>Y</IsDisplayed>
                <DisplayLogic/>
                <DisplayLength>22</DisplayLength>
                <SeqNo>40</SeqNo>
                <SortNo/>
                <IsSameLine>N</IsSameLine>
                <IsHeading>N</IsHeading>
                <IsFieldOnly>N</IsFieldOnly>
                <IsEncrypted>N</IsEncrypted>
                <IsActive>Y</IsActive>
                <IsReadOnly>N</IsReadOnly>
                <IsCentrallyMaintained>Y</IsCentrallyMaintained>
                <AD_FieldGroup_ID reference="id"/>
                <EntityType>U</EntityType>
                <ObscureType/>
                <AD_Reference_ID reference="id"/>
                <IsMandatory/>
                <DefaultValue/>
                <AD_Reference_Value_ID reference="id"/>
                <AD_Val_Rule_ID reference="id"/>
                <Included_Tab_ID reference="id"/>
                <AD_Field_UU>5d7c3a10-18d5-4d52-b749-fb80acf561ef</AD_Field_UU>
                <IsAllowCopy/>
                <IsDisplayedGrid>Y</IsDisplayedGrid>
                <SeqNoGrid>40</SeqNoGrid>
                <XPosition>1</XPosition>
                <ColumnSpan>2</ColumnSpan>
                <NumLines>1</NumLines>
                <IsQuickEntry>N</IsQuickEntry>
                <IsUpdateable/>
                <IsAlwaysUpdateable/>
                <MandatoryLogic/>
                <ReadOnlyLogic/>
                <IsToolbarButton/>
                <IsDefaultFocus>N</IsDefaultFocus>
                <IsAdvancedField>N</IsAdvancedField>
                <AD_Field_Trl type="translation">
                    <Help>Indicates the minimum quantity of this product to be stocked in inventory.
</Help>
                    <Description>Minimum Inventory level for this product</Description>
                    <Name>Minimum Level</Name>
                    <AD_Language>es_CO</AD_Language>
                    <IsActive>Y</IsActive>
                    <IsTranslated>N</IsTranslated>
                </AD_Field_Trl>
                <AD_Field_Trl type="translation">
                    <Help>Indicates the minimum quantity of this product to be stocked in inventory.
</Help>
                    <Description>Minimum Inventory level for this product</Description>
                    <Name>Minimum Level</Name>
                    <AD_Language>it_IT</AD_Language>
                    <IsActive>Y</IsActive>
                    <IsTranslated>N</IsTranslated>
                </AD_Field_Trl>
            </AD_Field>
            <AD_Field type="table">
                <AD_Client_ID>0</AD_Client_ID>
                <AD_Org_ID>0</AD_Org_ID>
                <Name>Locator</Name>
                <Description>Warehouse Locator</Description>
                <Help>The Locator indicates where in a Warehouse a product is located.</Help>
                <AD_Tab_ID reference="uuid" reference-key="AD_Tab">00d21c82-272f-4e67-a09a-db75fde43c0f</AD_Tab_ID>
                <AD_Column_ID reference="uuid" reference-key="AD_Column">c7b3ab80-4894-47e7-ba21-97a17f760a94</AD_Column_ID>
                <IsDisplayed>Y</IsDisplayed>
                <DisplayLogic/>
                <DisplayLength>1</DisplayLength>
                <SeqNo>50</SeqNo>
                <SortNo/>
                <IsSameLine>N</IsSameLine>
                <IsHeading>N</IsHeading>
                <IsFieldOnly>N</IsFieldOnly>
                <IsEncrypted>N</IsEncrypted>
                <IsActive>Y</IsActive>
                <IsReadOnly>N</IsReadOnly>
                <IsCentrallyMaintained>Y</IsCentrallyMaintained>
                <AD_FieldGroup_ID reference="id"/>
                <EntityType>U</EntityType>
                <ObscureType/>
                <AD_Reference_ID reference="id"/>
                <IsMandatory/>
                <DefaultValue/>
                <AD_Reference_Value_ID reference="id"/>
                <AD_Val_Rule_ID reference="id"/>
                <Included_Tab_ID reference="id"/>
                <AD_Field_UU>2c39a35d-2bc5-4b4a-8534-1718d1e8ac9e</AD_Field_UU>
                <IsAllowCopy/>
                <IsDisplayedGrid>Y</IsDisplayedGrid>
                <SeqNoGrid>50</SeqNoGrid>
                <XPosition>1</XPosition>
                <ColumnSpan>2</ColumnSpan>
                <NumLines>1</NumLines>
                <IsQuickEntry>N</IsQuickEntry>
                <IsUpdateable/>
                <IsAlwaysUpdateable/>
                <MandatoryLogic/>
                <ReadOnlyLogic/>
                <IsToolbarButton/>
                <IsDefaultFocus>N</IsDefaultFocus>
                <IsAdvancedField>N</IsAdvancedField>
                <AD_Field_Trl type="translation">
                    <Help>The Locator indicates where in a Warehouse a product is located.</Help>
                    <Description>Warehouse Locator</Description>
                    <Name>Locator</Name>
                    <AD_Language>es_CO</AD_Language>
                    <IsActive>Y</IsActive>
                    <IsTranslated>N</IsTranslated>
                </AD_Field_Trl>
                <AD_Field_Trl type="translation">
                    <Help>The Locator indicates where in a Warehouse a product is located.</Help>
                    <Description>Warehouse Locator</Description>
                    <Name>Locator</Name>
                    <AD_Language>it_IT</AD_Language>
                    <IsActive>Y</IsActive>
                    <IsTranslated>N</IsTranslated>
                </AD_Field_Trl>
            </AD_Field>
            <AD_Field type="table">
                <AD_Client_ID>0</AD_Client_ID>
                <AD_Org_ID>0</AD_Org_ID>
                <Name>Product</Name>
                <Description>Product, Service, Item</Description>
                <Help>Identifies an item which is either purchased or sold in this organization.</Help>
                <AD_Tab_ID reference="uuid" reference-key="AD_Tab">00d21c82-272f-4e67-a09a-db75fde43c0f</AD_Tab_ID>
                <AD_Column_ID reference="uuid" reference-key="AD_Column">93238e61-b27c-4e5f-9d56-0c104b71c9d0</AD_Column_ID>
                <IsDisplayed>Y</IsDisplayed>
                <DisplayLogic/>
                <DisplayLength>22</DisplayLength>
                <SeqNo>60</SeqNo>
                <SortNo/>
                <IsSameLine>N</IsSameLine>
                <IsHeading>N</IsHeading>
                <IsFieldOnly>N</IsFieldOnly>
                <IsEncrypted>N</IsEncrypted>
                <IsActive>Y</IsActive>
                <IsReadOnly>N</IsReadOnly>
                <IsCentrallyMaintained>Y</IsCentrallyMaintained>
                <AD_FieldGroup_ID reference="id"/>
                <EntityType>U</EntityType>
                <ObscureType/>
                <AD_Reference_ID reference="id"/>
                <IsMandatory/>
                <DefaultValue/>
                <AD_Reference_Value_ID reference="id"/>
                <AD_Val_Rule_ID reference="id"/>
                <Included_Tab_ID reference="id"/>
                <AD_Field_UU>a2a70227-f433-46b7-a8b9-e4815bc8b6e7</AD_Field_UU>
                <IsAllowCopy/>
                <IsDisplayedGrid>Y</IsDisplayedGrid>
                <SeqNoGrid>60</SeqNoGrid>
                <XPosition>1</XPosition>
                <ColumnSpan>2</ColumnSpan>
                <NumLines>1</NumLines>
                <IsQuickEntry>N</IsQuickEntry>
                <IsUpdateable/>
                <IsAlwaysUpdateable/>
                <MandatoryLogic/>
                <ReadOnlyLogic/>
                <IsToolbarButton/>
                <IsDefaultFocus>N</IsDefaultFocus>
                <IsAdvancedField>N</IsAdvancedField>
                <AD_Field_Trl type="translation">
                    <Help>Identifies an item which is either purchased or sold in this organization.</Help>
                    <Description>Product, Service, Item</Description>
                    <Name>Product</Name>
                    <AD_Language>es_CO</AD_Language>
                    <IsActive>Y</IsActive>
                    <IsTranslated>N</IsTranslated>
                </AD_Field_Trl>
                <AD_Field_Trl type="translation">
                    <Help>Identifies an item which is either purchased or sold in this organization.</Help>
                    <Description>Product, Service, Item</Description>
                    <Name>Product</Name>
                    <AD_Language>it_IT</AD_Language>
                    <IsActive>Y</IsActive>
                    <IsTranslated>N</IsTranslated>
                </AD_Field_Trl>
            </AD_Field>
            <AD_Field type="table">
                <AD_Client_ID>0</AD_Client_ID>
                <AD_Org_ID>0</AD_Org_ID>
                <Name>Warehouse</Name>
                <Description>Storage Warehouse and Service Point</Description>
                <Help>The Warehouse identifies a unique Warehouse where products are stored or Services are provided.</Help>
                <AD_Tab_ID reference="uuid" reference-key="AD_Tab">00d21c82-272f-4e67-a09a-db75fde43c0f</AD_Tab_ID>
                <AD_Column_ID reference="uuid" reference-key="AD_Column">25f800ca-78fb-421b-8af6-65f58da7fd8f</AD_Column_ID>
                <IsDisplayed>Y</IsDisplayed>
                <DisplayLogic/>
                <DisplayLength>22</DisplayLength>
                <SeqNo>70</SeqNo>
                <SortNo/>
                <IsSameLine>N</IsSameLine>
                <IsHeading>N</IsHeading>
                <IsFieldOnly>N</IsFieldOnly>
                <IsEncrypted>N</IsEncrypted>
                <IsActive>Y</IsActive>
                <IsReadOnly>N</IsReadOnly>
                <IsCentrallyMaintained>Y</IsCentrallyMaintained>
                <AD_FieldGroup_ID reference="id"/>
                <EntityType>U</EntityType>
                <ObscureType/>
                <AD_Reference_ID reference="id"/>
                <IsMandatory/>
                <DefaultValue/>
                <AD_Reference_Value_ID reference="id"/>
                <AD_Val_Rule_ID reference="id"/>
                <Included_Tab_ID reference="id"/>
                <AD_Field_UU>2dd2e3c0-6def-463d-9469-22d723883526</AD_Field_UU>
                <IsAllowCopy/>
                <IsDisplayedGrid>Y</IsDisplayedGrid>
                <SeqNoGrid>70</SeqNoGrid>
                <XPosition>1</XPosition>
                <ColumnSpan>2</ColumnSpan>
                <NumLines>1</NumLines>
                <IsQuickEntry>N</IsQuickEntry>
                <IsUpdateable/>
                <IsAlwaysUpdateable/>
                <MandatoryLogic/>
                <ReadOnlyLogic/>
                <IsToolbarButton/>
                <IsDefaultFocus>N</IsDefaultFocus>
                <IsAdvancedField>N</IsAdvancedField>
                <AD_Field_Trl type="translation">
                    <Help>The Warehouse identifies a unique Warehouse where products are stored or Services are provided.</Help>
                    <Description>Storage Warehouse and Service Point</Description>
                    <Name>Warehouse</Name>
                    <AD_Language>es_CO</AD_Language>
                    <IsActive>Y</IsActive>
                    <IsTranslated>N</IsTranslated>
                </AD_Field_Trl>
                <AD_Field_Trl type="translation">
                    <Help>The Warehouse identifies a unique Warehouse where products are stored or Services are provided.</Help>
                    <Description>Storage Warehouse and Service Point</Description>
                    <Name>Warehouse</Name>
                    <AD_Language>it_IT</AD_Language>
                    <IsActive>Y</IsActive>
                    <IsTranslated>N</IsTranslated>
                </AD_Field_Trl>
            </AD_Field>
            <AD_Field type="table">
                <AD_Client_ID>0</AD_Client_ID>
                <AD_Org_ID>0</AD_Org_ID>
                <Name>Source Warehouse</Name>
                <Description>Optional Warehouse to replenish from</Description>
                <Help>If defined, the warehouse selected is used to replenish the product(s)</Help>
                <AD_Tab_ID reference="uuid" reference-key="AD_Tab">00d21c82-272f-4e67-a09a-db75fde43c0f</AD_Tab_ID>
                <AD_Column_ID reference="uuid" reference-key="AD_Column">b44ca581-6d42-43ed-898e-6366a72c7d48</AD_Column_ID>
                <IsDisplayed>Y</IsDisplayed>
                <DisplayLogic/>
                <DisplayLength>10</DisplayLength>
                <SeqNo>80</SeqNo>
                <SortNo/>
                <IsSameLine>N</IsSameLine>
                <IsHeading>N</IsHeading>
                <IsFieldOnly>N</IsFieldOnly>
                <IsEncrypted>N</IsEncrypted>
                <IsActive>Y</IsActive>
                <IsReadOnly>N</IsReadOnly>
                <IsCentrallyMaintained>Y</IsCentrallyMaintained>
                <AD_FieldGroup_ID reference="id"/>
                <EntityType>U</EntityType>
                <ObscureType/>
                <AD_Reference_ID reference="id"/>
                <IsMandatory/>
                <DefaultValue/>
                <AD_Reference_Value_ID reference="id"/>
                <AD_Val_Rule_ID reference="id"/>
                <Included_Tab_ID reference="id"/>
                <AD_Field_UU>f3c899da-a57d-45e0-9425-d5dad05760a7</AD_Field_UU>
                <IsAllowCopy/>
                <IsDisplayedGrid>Y</IsDisplayedGrid>
                <SeqNoGrid>80</SeqNoGrid>
                <XPosition>1</XPosition>
                <ColumnSpan>2</ColumnSpan>
                <NumLines>1</NumLines>
                <IsQuickEntry>N</IsQuickEntry>
                <IsUpdateable/>
                <IsAlwaysUpdateable/>
                <MandatoryLogic/>
                <ReadOnlyLogic/>
                <IsToolbarButton/>
                <IsDefaultFocus>N</IsDefaultFocus>
                <IsAdvancedField>N</IsAdvancedField>
                <AD_Field_Trl type="translation">
                    <Help>If defined, the warehouse selected is used to replenish the product(s)</Help>
                    <Description>Optional Warehouse to replenish from</Description>
                    <Name>Source Warehouse</Name>
                    <AD_Language>es_CO</AD_Language>
                    <IsActive>Y</IsActive>
                    <IsTranslated>N</IsTranslated>
                </AD_Field_Trl>
                <AD_Field_Trl type="translation">
                    <Help>If defined, the warehouse selected is used to replenish the product(s)</Help>
                    <Description>Optional Warehouse to replenish from</Description>
                    <Name>Source Warehouse</Name>
                    <AD_Language>it_IT</AD_Language>
                    <IsActive>Y</IsActive>
                    <IsTranslated>N</IsTranslated>
                </AD_Field_Trl>
            </AD_Field>
            <AD_Field type="table">
                <AD_Client_ID>0</AD_Client_ID>
                <AD_Org_ID>0</AD_Org_ID>
                <Name>Qty Batch Size</Name>
                <Description/>
                <Help/>
                <AD_Tab_ID reference="uuid" reference-key="AD_Tab">00d21c82-272f-4e67-a09a-db75fde43c0f</AD_Tab_ID>
                <AD_Column_ID reference="uuid" reference-key="AD_Column">0669bbd0-1b99-41b7-bebe-8f174e64a4b7</AD_Column_ID>
                <IsDisplayed>Y</IsDisplayed>
                <DisplayLogic/>
                <DisplayLength>10</DisplayLength>
                <SeqNo>90</SeqNo>
                <SortNo/>
                <IsSameLine>N</IsSameLine>
                <IsHeading>N</IsHeading>
                <IsFieldOnly>N</IsFieldOnly>
                <IsEncrypted>N</IsEncrypted>
                <IsActive>Y</IsActive>
                <IsReadOnly>N</IsReadOnly>
                <IsCentrallyMaintained>Y</IsCentrallyMaintained>
                <AD_FieldGroup_ID reference="id"/>
                <EntityType>U</EntityType>
                <ObscureType/>
                <AD_Reference_ID reference="id"/>
                <IsMandatory/>
                <DefaultValue/>
                <AD_Reference_Value_ID reference="id"/>
                <AD_Val_Rule_ID reference="id"/>
                <Included_Tab_ID reference="id"/>
                <AD_Field_UU>a02cd062-e77a-48ea-b78b-f334b235bd2a</AD_Field_UU>
                <IsAllowCopy/>
                <IsDisplayedGrid>Y</IsDisplayedGrid>
                <SeqNoGrid>90</SeqNoGrid>
                <XPosition>1</XPosition>
                <ColumnSpan>2</ColumnSpan>
                <NumLines>1</NumLines>
                <IsQuickEntry>N</IsQuickEntry>
                <IsUpdateable/>
                <IsAlwaysUpdateable/>
                <MandatoryLogic/>
                <ReadOnlyLogic/>
                <IsToolbarButton/>
                <IsDefaultFocus>N</IsDefaultFocus>
                <IsAdvancedField>N</IsAdvancedField>
                <AD_Field_Trl type="translation">
                    <Help/>
                    <Description/>
                    <Name>Qty Batch Size</Name>
                    <AD_Language>es_CO</AD_Language>
                    <IsActive>Y</IsActive>
                    <IsTranslated>N</IsTranslated>
                </AD_Field_Trl>
                <AD_Field_Trl type="translation">
                    <Help/>
                    <Description/>
                    <Name>Qty Batch Size</Name>
                    <AD_Language>it_IT</AD_Language>
                    <IsActive>Y</IsActive>
                    <IsTranslated>N</IsTranslated>
                </AD_Field_Trl>
            </AD_Field>
            <AD_Field type="table">
                <AD_Client_ID>0</AD_Client_ID>
                <AD_Org_ID>0</AD_Org_ID>
                <Name>Replenish Type</Name>
                <Description>Method for re-ordering a product</Description>
                <Help>The Replenish Type indicates if this product will be manually re-ordered, ordered when the quantity is below the minimum quantity or ordered when it is below the maximum quantity. If you select a custom replenishment type, you need to create a class implementing org.compiere.util.ReplenishInterface and set that on warehouse level.</Help>
                <AD_Tab_ID reference="uuid" reference-key="AD_Tab">00d21c82-272f-4e67-a09a-db75fde43c0f</AD_Tab_ID>
                <AD_Column_ID reference="uuid" reference-key="AD_Column">9c4d7bcb-38bc-4722-9465-2d0cfc57e67c</AD_Column_ID>
                <IsDisplayed>Y</IsDisplayed>
                <DisplayLogic/>
                <DisplayLength>1</DisplayLength>
                <SeqNo>100</SeqNo>
                <SortNo/>
                <IsSameLine>N</IsSameLine>
                <IsHeading>N</IsHeading>
                <IsFieldOnly>N</IsFieldOnly>
                <IsEncrypted>N</IsEncrypted>
                <IsActive>Y</IsActive>
                <IsReadOnly>N</IsReadOnly>
                <IsCentrallyMaintained>Y</IsCentrallyMaintained>
                <AD_FieldGroup_ID reference="id"/>
                <EntityType>U</EntityType>
                <ObscureType/>
                <AD_Reference_ID reference="id"/>
                <IsMandatory/>
                <DefaultValue/>
                <AD_Reference_Value_ID reference="id"/>
                <AD_Val_Rule_ID reference="id"/>
                <Included_Tab_ID reference="id"/>
                <AD_Field_UU>00eab38c-85e0-4fe4-b1c9-b43ec9ff9c87</AD_Field_UU>
                <IsAllowCopy/>
                <IsDisplayedGrid>Y</IsDisplayedGrid>
                <SeqNoGrid>100</SeqNoGrid>
                <XPosition>1</XPosition>
                <ColumnSpan>2</ColumnSpan>
                <NumLines>1</NumLines>
                <IsQuickEntry>N</IsQuickEntry>
                <IsUpdateable/>
                <IsAlwaysUpdateable/>
                <MandatoryLogic/>
                <ReadOnlyLogic/>
                <IsToolbarButton/>
                <IsDefaultFocus>N</IsDefaultFocus>
                <IsAdvancedField>N</IsAdvancedField>
                <AD_Field_Trl type="translation">
                    <Help>The Replenish Type indicates if this product will be manually re-ordered, ordered when the quantity is below the minimum quantity or ordered when it is below the maximum quantity. If you select a custom replenishment type, you need to create a class implementing org.compiere.util.ReplenishInterface and set that on warehouse level.</Help>
                    <Description>Method for re-ordering a product</Description>
                    <Name>Replenish Type</Name>
                    <AD_Language>es_CO</AD_Language>
                    <IsActive>Y</IsActive>
                    <IsTranslated>N</IsTranslated>
                </AD_Field_Trl>
                <AD_Field_Trl type="translation">
                    <Help>The Replenish Type indicates if this product will be manually re-ordered, ordered when the quantity is below the minimum quantity or ordered when it is below the maximum quantity. If you select a custom replenishment type, you need to create a class implementing org.compiere.util.ReplenishInterface and set that on warehouse level.</Help>
                    <Description>Method for re-ordering a product</Description>
                    <Name>Replenish Type</Name>
                    <AD_Language>it_IT</AD_Language>
                    <IsActive>Y</IsActive>
                    <IsTranslated>N</IsTranslated>
                </AD_Field_Trl>
            </AD_Field>
            <AD_Field type="table">
                <AD_Client_ID>0</AD_Client_ID>
                <AD_Org_ID>0</AD_Org_ID>
                <Name>Active</Name>
                <Description>The record is active in the system</Description>
                <Help>There are two methods of making records unavailable in the system: One is to delete the record, the other is to de-activate the record. A de-activated record is not available for selection, but available for reports.
There are two reasons for de-activating and not deleting records:
(1) The system requires the record for audit purposes.
(2) The record is referenced by other records. E.g., you cannot delete a Business Partner, if there are invoices for this partner record existing. You de-activate the Business Partner and prevent that this record is used for future entries.</Help>
                <AD_Tab_ID reference="uuid" reference-key="AD_Tab">00d21c82-272f-4e67-a09a-db75fde43c0f</AD_Tab_ID>
                <AD_Column_ID reference="uuid" reference-key="AD_Column">45c92af7-ab3c-4d1c-a994-2c652e2f746d</AD_Column_ID>
                <IsDisplayed>Y</IsDisplayed>
                <DisplayLogic/>
                <DisplayLength>1</DisplayLength>
                <SeqNo>110</SeqNo>
                <SortNo/>
                <IsSameLine>N</IsSameLine>
                <IsHeading>N</IsHeading>
                <IsFieldOnly>N</IsFieldOnly>
                <IsEncrypted>N</IsEncrypted>
                <IsActive>Y</IsActive>
                <IsReadOnly>N</IsReadOnly>
                <IsCentrallyMaintained>Y</IsCentrallyMaintained>
                <AD_FieldGroup_ID reference="id"/>
                <EntityType>U</EntityType>
                <ObscureType/>
                <AD_Reference_ID reference="id"/>
                <IsMandatory/>
                <DefaultValue/>
                <AD_Reference_Value_ID reference="id"/>
                <AD_Val_Rule_ID reference="id"/>
                <Included_Tab_ID reference="id"/>
                <AD_Field_UU>06040733-5cf9-4914-8312-1564658191f3</AD_Field_UU>
                <IsAllowCopy/>
                <IsDisplayedGrid>Y</IsDisplayedGrid>
                <SeqNoGrid>110</SeqNoGrid>
                <XPosition>2</XPosition>
                <ColumnSpan>2</ColumnSpan>
                <NumLines>1</NumLines>
                <IsQuickEntry>N</IsQuickEntry>
                <IsUpdateable/>
                <IsAlwaysUpdateable/>
                <MandatoryLogic/>
                <ReadOnlyLogic/>
                <IsToolbarButton/>
                <IsDefaultFocus>N</IsDefaultFocus>
                <IsAdvancedField>N</IsAdvancedField>
                <AD_Field_Trl type="translation">
                    <Help>There are two methods of making records unavailable in the system: One is to delete the record, the other is to de-activate the record. A de-activated record is not available for selection, but available for reports.
There are two reasons for de-activating and not deleting records:
(1) The system requires the record for audit purposes.
(2) The record is referenced by other records. E.g., you cannot delete a Business Partner, if there are invoices for this partner record existing. You de-activate the Business Partner and prevent that this record is used for future entries.</Help>
                    <Description>The record is active in the system</Description>
                    <Name>Active</Name>
                    <AD_Language>es_CO</AD_Language>
                    <IsActive>Y</IsActive>
                    <IsTranslated>N</IsTranslated>
                </AD_Field_Trl>
                <AD_Field_Trl type="translation">
                    <Help>There are two methods of making records unavailable in the system: One is to delete the record, the other is to de-activate the record. A de-activated record is not available for selection, but available for reports.
There are two reasons for de-activating and not deleting records:
(1) The system requires the record for audit purposes.
(2) The record is referenced by other records. E.g., you cannot delete a Business Partner, if there are invoices for this partner record existing. You de-activate the Business Partner and prevent that this record is used for future entries.</Help>
                    <Description>The record is active in the system</Description>
                    <Name>Active</Name>
                    <AD_Language>it_IT</AD_Language>
                    <IsActive>Y</IsActive>
                    <IsTranslated>N</IsTranslated>
                </AD_Field_Trl>
            </AD_Field>
            <AD_Field type="table">
                <AD_Client_ID>0</AD_Client_ID>
                <AD_Org_ID>0</AD_Org_ID>
                <Name>M_Replenish_Singleton_UU</Name>
                <Description/>
                <Help/>
                <AD_Tab_ID reference="uuid" reference-key="AD_Tab">00d21c82-272f-4e67-a09a-db75fde43c0f</AD_Tab_ID>
                <AD_Column_ID reference="uuid" reference-key="AD_Column">f67b8b25-215a-42b3-b2d2-453425eaa96b</AD_Column_ID>
                <IsDisplayed>N</IsDisplayed>
                <DisplayLogic/>
                <DisplayLength>36</DisplayLength>
                <SeqNo/>
                <SortNo/>
                <IsSameLine>N</IsSameLine>
                <IsHeading>N</IsHeading>
                <IsFieldOnly>N</IsFieldOnly>
                <IsEncrypted>N</IsEncrypted>
                <IsActive>Y</IsActive>
                <IsReadOnly>N</IsReadOnly>
                <IsCentrallyMaintained>Y</IsCentrallyMaintained>
                <AD_FieldGroup_ID reference="id"/>
                <EntityType>U</EntityType>
                <ObscureType/>
                <AD_Reference_ID reference="id"/>
                <IsMandatory/>
                <DefaultValue/>
                <AD_Reference_Value_ID reference="id"/>
                <AD_Val_Rule_ID reference="id"/>
                <Included_Tab_ID reference="id"/>
                <AD_Field_UU>d031a18a-3532-4232-8bda-1de798df3d4c</AD_Field_UU>
                <IsAllowCopy/>
                <IsDisplayedGrid>N</IsDisplayedGrid>
                <SeqNoGrid/>
                <XPosition>1</XPosition>
                <ColumnSpan>2</ColumnSpan>
                <NumLines>1</NumLines>
                <IsQuickEntry>N</IsQuickEntry>
                <IsUpdateable/>
                <IsAlwaysUpdateable/>
                <MandatoryLogic/>
                <ReadOnlyLogic/>
                <IsToolbarButton/>
                <IsDefaultFocus>N</IsDefaultFocus>
                <IsAdvancedField>N</IsAdvancedField>
                <AD_Field_Trl type="translation">
                    <Help/>
                    <Description/>
                    <Name>M_Replenish_Singleton_UU</Name>
                    <AD_Language>es_CO</AD_Language>
                    <IsActive>Y</IsActive>
                    <IsTranslated>N</IsTranslated>
                </AD_Field_Trl>
                <AD_Field_Trl type="translation">
                    <Help/>
                    <Description/>
                    <Name>M_Replenish_Singleton_UU</Name>
                    <AD_Language>it_IT</AD_Language>
                    <IsActive>Y</IsActive>
                    <IsTranslated>N</IsTranslated>
                </AD_Field_Trl>
            </AD_Field>
        </AD_Tab>
    </AD_Window>
</idempiere>
